lo_en,hi_en,rate_00000RESOLVE,Lx_00000RESOLVE
0.5,2.0,0.0005807390006,2.128652755
0.1,2.4,0.002697242669,3.458978926
0.01,100.0,0.07098410153,7.296340934
