lo_en,hi_en,rate_00000RESOLVE,Lx_00000RESOLVE
0.5,2.0,0.001099373388,2.38916906
0.1,2.4,0.004960569297,3.853075491
0.01,100.0,0.1468443624,8.826181796
