lo_en,hi_en,rate_00000RESOLVE,Lx_00000RESOLVE
0.5,2.0,0.0003387822426,1.312322749
0.1,2.4,0.001595414647,2.113703148
0.01,100.0,0.04221919709,4.445478514
