lo_en,hi_en,rate_00000RESOLVE,Lx_00000RESOLVE
0.5,2.0,0.000430289892,2.134545975
0.1,2.4,0.002000859702,3.465641339
0.01,100.0,0.05200407632,7.263999929
