lo_en,hi_en,rate_00000RESOLVE,Lx_00000RESOLVE
0.5,2.0,0.0005207612867,2.107207138
0.1,2.4,0.002436145365,3.408190112
0.01,100.0,0.06545189827,7.257470129
