lo_en,hi_en,rate_00000RESOLVE,Lx_00000RESOLVE
0.5,2.0,0.0002163555346,1.357230737
0.1,2.4,0.001013783233,2.197762537
0.01,100.0,0.02509978385,4.405979603
