lo_en,hi_en,rate_00000RESOLVE,Lx_00000RESOLVE
0.5,2.0,0.0006371429011,1.548575634
0.1,2.4,0.002936762444,2.526647597
0.01,100.0,0.07384352622,5.03952711
