lo_en,hi_en,rate_00000RESOLVE,Lx_00000RESOLVE
0.5,2.0,0.0002226440446,0.6897728322
0.1,2.4,0.001027085023,1.123841276
0.01,100.0,0.02593734741,2.250140034
