lo_en,hi_en,rate_00000RESOLVE,Lx_00000RESOLVE
0.5,2.0,0.0009183261884,2.59941878
0.1,2.4,0.004188660866,4.214262909
0.01,100.0,0.1169711455,9.290510443
