lo_en,hi_en,rate_00000RESOLVE,Lx_00000RESOLVE
0.5,2.0,0.0003462933916,2.123757443
0.1,2.4,0.001622599897,3.446684497
0.01,100.0,0.03976308446,6.852466351
