lo_en,hi_en,rate_00000RESOLVE,Lx_00000RESOLVE
0.5,2.0,0.0005458231963,1.792864754
0.1,2.4,0.002509152941,2.918827479
0.01,100.0,0.06667921539,6.173776243
