lo_en,hi_en,rate_00000RESOLVE,Lx_00000RESOLVE
0.5,2.0,0.0004531382125,1.772481544
0.1,2.4,0.002107620211,2.88692488
0.01,100.0,0.05364239866,5.948327105
