lo_en,hi_en,rate_00000RESOLVE,Lx_00000RESOLVE
0.5,2.0,0.0007856367333,2.992129546
0.1,2.4,0.003619743314,4.844174495
0.01,100.0,0.1030769616,11.0603452
