lo_en,hi_en,rate_00000RESOLVE,Lx_00000RESOLVE
0.5,2.0,0.0007169124024,2.129046183
0.1,2.4,0.003287152917,3.452479038
0.01,100.0,0.08890835497,7.27263269
