lo_en,hi_en,rate_00000RESOLVE,Lx_00000RESOLVE
0.5,2.0,0.0008406423619,2.420240615
0.1,2.4,0.003826988895,3.914883802
0.01,100.0,0.1092907365,8.737772083
