lo_en,hi_en,rate_00000RESOLVE,Lx_00000RESOLVE
0.5,2.0,0.001074297226,2.999783335
0.1,2.4,0.004882648523,4.853432921
0.01,100.0,0.1404959205,10.9774157
