lo_en,hi_en,rate_00000RESOLVE,Lx_00000RESOLVE
0.5,2.0,0.0003225761946,1.170296503
0.1,2.4,0.001491348814,1.898446919
0.01,100.0,0.03784792665,3.765378774
