lo_en,hi_en,rate_00000RESOLVE,Lx_00000RESOLVE
0.5,2.0,0.0005451022337,1.621513161
0.1,2.4,0.002507104845,2.631145142
0.01,100.0,0.06463554762,5.300432455
